But,7563
It,9536
The,17473
about,7115
be,26452
by,17244
her,23271
much,4639
up,8523
you,30762
,202317
They,4001
been,10003
come,4061
down,4804
get,4185
got,4274
have,23361
is,35680
me,13035
my,23661
now,4527
only,5552
she,17236
their,10343
them,8296
this,16878
upon,5998
we,13798
will,12712
That,4307
but,22731
do,9729
great,4623
had,25215
it,40976
like,6303
most,4251
no,12586
on,18435
the,189575
then,6120
thy,4037
time,5280
was,51248
which,11896
are,12201
as,26865
into,5690
one,11907
our,7025
shall,5619
they,15417
think,4465
us,4168
He,10048
I,72700
all,17553
at,19588
of,116276
that,50320
your,12132
go,4527
his,32510
how,4490
make,5241
never,6017
out,9549
very,7776
when,9618
who,6208
with,32897
A,4503
And,11439
To,4448
could,10627
did,6238
every,4368
good,6626
he,34597
in,65162
it,,5004
more,7334
or,12701
such,6160
were,14036
would,14677
am,6332
can,5817
from,14308
has,6556
its,5094
little,5222
man,4888
other,5301
so,14886
some,6463
there,8999
two,4938
what,8977
Mr.,4618
You,4199
a,94706
an,11708
and,154640
for,32818
if,9351
it.,6058
know,5934
made,5293
may,4033
must,5798
not,31253
said,6992
see,5996
should,5049
than,6865
these,4604
to,109540
She,4739
We,4688
any,7849
him,13933
thou,4531
